<?xml version="1.0" encoding="UTF-8"?>
<project-private xmlns="http://www.netbeans.org/ns/project-private/1">
    <editor-bookmarks xmlns="http://www.netbeans.org/ns/editor-bookmarks/2" lastBookmarkId="0"/>
    <open-files xmlns="http://www.netbeans.org/ns/projectui-open-files/2">
        <group>
            <file>file:/C:/Users/Lujain/Desktop/stage2_Group6_SW1/stage/movieapp/src/movieapp/BookingDecorator.java</file>
            <file>file:/C:/Users/Lujain/Desktop/stage2_Group6_SW1/stage/movieapp/src/movieapp/PasswordValidator.java</file>
            <file>file:/C:/Users/Lujain/Desktop/stage2_Group6_SW1/stage/movieapp/src/movieapp/Payment.java</file>
            <file>file:/C:/Users/Lujain/Desktop/stage2_Group6_SW1/stage/movieapp/src/movieapp/BookingBuilderTemplate.java</file>
            <file>file:/C:/Users/Lujain/Desktop/stage2_Group6_SW1/stage/movieapp/src/movieapp/Users.java</file>
            <file>file:/C:/Users/Lujain/Desktop/stage2_Group6_SW1/stage/movieapp/src/movieapp/RegisterProcessChain.java</file>
            <file>file:/C:/Users/Lujain/Desktop/stage2_Group6_SW1/stage/movieapp/src/movieapp/Accaunt.java</file>
            <file>file:/C:/Users/Lujain/Desktop/stage2_Group6_SW1/stage/movieapp/src/movieapp/UsernameValidator.java</file>
            <file>file:/C:/Users/Lujain/Desktop/stage2_Group6_SW1/stage/movieapp/src/movieapp/VIP.java</file>
            <file>file:/C:/Users/Lujain/Desktop/stage2_Group6_SW1/stage/movieapp/src/movieapp/Main.java</file>
            <file>file:/C:/Users/Lujain/Desktop/stage2_Group6_SW1/stage/movieapp/src/movieapp/EmailValidator.java</file>
            <file>file:/C:/Users/Lujain/Desktop/stage2_Group6_SW1/stage/movieapp/src/movieapp/MobileValidator.java</file>
            <file>file:/C:/Users/Lujain/Desktop/stage2_Group6_SW1/stage/movieapp/src/movieapp/BookingOfferDecorator.java</file>
            <file>file:/C:/Users/Lujain/Desktop/stage2_Group6_SW1/stage/movieapp/src/movieapp/Classic.java</file>
        </group>
    </open-files>
</project-private>
